{"max_depth": 9, "num_leaves": 319, "device": "cpu", "verbose": -1, "n_jobs": 1, "objective": "mae", "n_estimators": 750, "boosting_type": "gbdt", "subsample": 0.8275174151277973, "min_child_samples": 55, "colsample_bytree": 0.6605652916348981, "reg_alpha": 1.0314284418220028, "reg_lambda": 0.005619611631903648, "learning_rate": 0.02325401727630594}