{"max_depth": 11, "num_leaves": 1037, "device": "cpu", "verbose": -1, "n_jobs": 1, "objective": "mae", "n_estimators": 750, "boosting_type": "gbdt", "min_child_samples": 1298, "subsample": 0.579336075686395, "subsample_freq": 1, "subsample_for_bin": 346816, "colsample_bytree": 0.729880219493223, "reg_alpha": 0.3304359199460046, "reg_lambda": 0.8349694952128136, "learning_rate": 0.02067560054173476, "min_split_gain": 1.3516263100636507}